,PatientKey,PatientAge,FeverNoDays,FeverTemperature,PatientFarAlong,cycletime1,cycletime2,BMI,cycletime,WellnessScale
count,470.0,466.0,118.0,205.0,10.0,315.0,124.0,89.0,333.0,223.0
mean,24265.2574468,30.4838555086,3.51694915254,37.5814634146,25.2,23.7863810252,30.0814515852,2.21263430818,24.1507207882,2.91255605381
std,810.223617885,18.4884086828,2.17103327579,1.11735322977,12.8391761591,5.76699040164,7.38339389914,1.03201115587,5.99043416655,1.02127116307
min,23209.0,0.01,0.0,35.4,4.0,12.1000003815,14.1000003815,0.711898734177,12.1000003815,1.0
25%,23447.5,,,,,,,,,
50%,24329.0,,,,,,,,,
75%,24789.0,,,,,,,,,
max,26109.0,80.0,10.0,40.6,40.0,39.7999992371,40.7999992371,7.03,39.7999992371,5.0
